circuit,qubits,cpu_time,gpu_time,rdbms_time,db_size_bytes,n_states_stored,prob_mass_kept,fidelity
GHZ,10,0.0020406246185302734,0.0015192031860351562,8.988380432128906e-05,32,2,1.0,1.0
GHZ,12,0.0012285709381103516,0.0009353160858154297,0.0001552104949951172,32,2,1.0,1.0
GHZ,14,0.0016660690307617188,0.0015301704406738281,0.00047206878662109375,32,2,1.0,1.0
GHZ,16,0.13104796409606934,0.005015373229980469,0.0024983882904052734,32,2,1.0,1.0
GHZ,18,0.0646209716796875,0.011385679244995117,0.013617515563964844,32,2,1.0,1.0
GHZ,20,0.16248178482055664,0.020519018173217773,0.044043540954589844,32,2,1.0,1.0
GHZ,22,0.24305248260498047,0.09876322746276855,0.26700305938720703,32,2,1.0,1.0
BV,10,0.0036773681640625,0.0008065700531005859,6.651878356933594e-05,32,2,0.9999999999999998,1.0
BV,12,0.0012428760528564453,0.0013213157653808594,0.00017952919006347656,32,2,0.9999999999999998,1.0
BV,14,0.0022912025451660156,0.0022203922271728516,0.0005083084106445312,32,2,0.9999999999999998,1.0
BV,16,0.07506155967712402,0.0031647682189941406,0.002599477767944336,32,2,0.9999999999999998,1.0
BV,18,0.07447457313537598,0.015743494033813477,0.01415705680847168,32,2,0.9999999999999998,1.0
BV,20,0.07432079315185547,0.009485006332397461,0.045085906982421875,32,2,0.9999999999999998,1.0
BV,22,0.15637993812561035,0.06720566749572754,0.2672288417816162,32,2,0.9999999999999998,1.0
QFT,10,0.010482311248779297,0.003047466278076172,0.0003075599670410156,16368,1023,0.9990234375,0.9902343749999986
QFT,12,0.0048978328704833984,0.004825115203857422,0.0008139610290527344,65472,4092,0.9990234375,0.9902343749999963
QFT,14,0.010762691497802734,0.010707616806030273,0.0029425621032714844,261888,16368,0.9990234375,0.9900512695312559
QFT,16,0.3016948699951172,0.016684770584106445,0.019495487213134766,1047536,65471,0.9990081787109375,0.9900054931640795
QFT,18,0.1269373893737793,0.0325162410736084,0.060265302658081055,4190112,261882,0.9990005493164062,0.990001678466765
QFT,20,0.12954139709472656,0.08774232864379883,0.20273494720458984,16760448,1047528,0.9990005493164062,0.9900007247920732
QFT,22,0.43042922019958496,0.40633082389831543,0.7974028587341309,67041760,4190110,0.999000072479248,0.9900000095367075
GROVER,10,0.0050411224365234375,0.0009679794311523438,0.0002741813659667969,12192,762,0.999000549316406,0.9960975646972656
GROVER,12,0.001262664794921875,0.0013074874877929688,0.00014901161193847656,16,1,0.9990236759185787,0.9990236759185791
GROVER,14,0.0022547245025634766,0.0021669864654541016,0.00036525726318359375,16,1,0.999755874276161,0.9997558742761612
GROVER,16,0.22797727584838867,0.0066318511962890625,0.0011196136474609375,16,1,0.9999389657750726,0.9999389657750726
GROVER,18,0.07891035079956055,0.012294769287109375,0.004369258880615234,16,1,0.9999847412691452,0.9999847412691452
GROVER,20,0.06731081008911133,0.025941848754882812,0.018166303634643555,16,1,0.9999961853063724,0.9999961853063724
GROVER,22,0.2340400218963623,0.19341564178466797,0.2171638011932373,16,1,0.999999046325911,0.999999046325911
QAOA,10,0.0014638900756835938,0.0013773441314697266,0.0002949237823486328,16368,1023,0.9990234375,0.9902343750000001
QAOA,12,0.001775979995727539,0.0019757747650146484,0.0008444786071777344,65472,4092,0.9990234375,0.9902343749999993
QAOA,14,0.0040056705474853516,0.003996849060058594,0.0030281543731689453,261888,16368,0.9990234375,0.9900512695312486
QAOA,16,0.08966684341430664,0.0064580440521240234,0.01904582977294922,1047536,65471,0.9990081787109375,0.9900054931640672
QAOA,18,0.13031625747680664,0.011016845703125,0.05454587936401367,4190112,261882,0.9990005493164062,0.9900016784668306
QAOA,20,0.10135412216186523,0.023370742797851562,0.20916032791137695,16760448,1047528,0.9990005493164062,0.9900007247923576
QAOA,22,0.26853370666503906,0.11509132385253906,0.8478059768676758,67041760,4190110,0.999000072479248,0.9900000095370747
