circuit,qubits,cpu_time,gpu_time,rdbms_time,db_size_bytes,fidelity
GHZ,10,0.002022266387939453,0.0014293193817138672,9.465217590332031e-05,32,1.0
GHZ,12,0.0017287731170654297,0.0015823841094970703,0.0002048015594482422,32,1.0
GHZ,14,0.0016222000122070312,0.001523733139038086,0.00045609474182128906,32,1.0
GHZ,16,0.12795305252075195,0.003820657730102539,0.0024094581604003906,32,1.0
GHZ,18,0.10403728485107422,0.00837254524230957,0.009742021560668945,32,1.0
GHZ,20,0.0895836353302002,0.022614479064941406,0.04698538780212402,32,1.0
GHZ,22,0.2645742893218994,0.09476399421691895,0.31261277198791504,32,1.0
BV,10,0.0030019283294677734,0.0014286041259765625,7.224082946777344e-05,32,1.0
BV,12,0.0013966560363769531,0.0014126300811767578,0.00019121170043945312,32,1.0
BV,14,0.0020194053649902344,0.0017733573913574219,0.0004913806915283203,32,1.0
BV,16,0.07770442962646484,0.002694368362426758,0.002266407012939453,32,1.0
BV,18,0.0734550952911377,0.007169961929321289,0.009879112243652344,32,1.0
BV,20,0.08315372467041016,0.010767936706542969,0.045395612716674805,32,1.0
BV,22,0.1392228603363037,0.05605816841125488,0.2786083221435547,32,1.0
QFT,10,0.011039018630981445,0.0032291412353515625,0.0003139972686767578,16368,0.003906250000000002
QFT,12,0.004977703094482422,0.004788637161254883,0.0008251667022705078,65472,0.0009765625000000004
QFT,14,0.010713338851928711,0.010896921157836914,0.0030884742736816406,261888,0.0002441406250000001
QFT,16,0.09755253791809082,0.014458417892456055,0.02133321762084961,1047536,6.103515625000016e-05
QFT,18,0.5892908573150635,0.033112525939941406,0.05671834945678711,4190112,1.5258789062500047e-05
QFT,20,0.14986109733581543,0.09225249290466309,0.20010137557983398,16760448,3.8146972656250136e-06
QFT,22,0.9441397190093994,0.4127812385559082,0.7957818508148193,67041760,9.536743164062538e-07
GROVER,10,0.0057408809661865234,0.0009918212890625,0.0002713203430175781,12192,0.9961090087890627
GROVER,12,0.0012786388397216797,0.0012862682342529297,0.00013399124145507812,16,0.9990243911743163
GROVER,14,0.0021355152130126953,0.0021355152130126953,0.00033664703369140625,16,0.9997559189796449
GROVER,16,0.23944425582885742,0.0034132003784179688,0.001031637191772461,16,0.9999389685690403
GROVER,18,0.27302002906799316,0.01181483268737793,0.006783962249755859,16,0.9999847414437681
GROVER,20,0.2913661003112793,0.026049375534057617,0.01826930046081543,16,0.9999961853172863
GROVER,22,0.4803793430328369,0.1981518268585205,0.1947917938232422,16,0.9999990463265931
QAOA,10,0.002122640609741211,0.0012814998626708984,0.0002925395965576172,16368,0.003906250000000008
QAOA,12,0.0018961429595947266,0.001741647720336914,0.0007965564727783203,65472,0.000976562500000002
QAOA,14,0.003691434860229492,0.003718852996826172,0.0030634403228759766,261888,0.00024414062500000076
QAOA,16,0.12807965278625488,0.007231950759887695,0.023118019104003906,1047536,6.103515625000027e-05
QAOA,18,0.11652040481567383,0.006024360656738281,0.0543210506439209,4190112,1.5258789062500058e-05
QAOA,20,0.15524888038635254,0.02011275291442871,0.22238492965698242,16760448,3.8146972656249814e-06
QAOA,22,0.2729225158691406,0.10949254035949707,0.8542220592498779,67041760,9.53674316406314e-07
