circuit,qubits,iteration,cpu_time,gpu_time,rdbms_time
GHZ,10,0,0.0008699893951416016,0.0008831024169921875,5.555152893066406e-05
GHZ,10,1,0.0007681846618652344,0.00070953369140625,4.839897155761719e-05
GHZ,10,2,0.0007560253143310547,0.0007715225219726562,4.935264587402344e-05
GHZ,10,3,0.0007884502410888672,0.0007851123809814453,4.935264587402344e-05
GHZ,10,4,0.0007860660552978516,0.0006978511810302734,5.412101745605469e-05
GHZ,10,5,0.0008537769317626953,0.0009138584136962891,5.841255187988281e-05
GHZ,10,6,0.0007905960083007812,0.0007853507995605469,5.1021575927734375e-05
GHZ,10,7,0.0007801055908203125,0.0007922649383544922,5.459785461425781e-05
GHZ,10,8,0.0008025169372558594,0.0007777214050292969,5.459785461425781e-05
GHZ,10,9,0.0007867813110351562,0.0008614063262939453,5.7697296142578125e-05
GHZ,12,0,0.0010194778442382812,0.0010144710540771484,0.0001709461212158203
GHZ,12,1,0.0009479522705078125,0.0009312629699707031,0.00012302398681640625
GHZ,12,2,0.0009765625,0.0010576248168945312,0.00015211105346679688
GHZ,12,3,0.0009295940399169922,0.0009150505065917969,0.00013875961303710938
GHZ,12,4,0.0009212493896484375,0.0009222030639648438,0.0001392364501953125
GHZ,12,5,0.0009849071502685547,0.0009958744049072266,0.00015020370483398438
GHZ,12,6,0.00093841552734375,0.001018524169921875,0.00015115737915039062
GHZ,12,7,0.0009806156158447266,0.0010373592376708984,0.0001456737518310547
GHZ,12,8,0.0009262561798095703,0.0009179115295410156,0.0001304149627685547
GHZ,12,9,0.001020193099975586,0.0009756088256835938,0.0001437664031982422
GHZ,14,0,0.001600503921508789,0.0016279220581054688,0.0004494190216064453
GHZ,14,1,0.00659942626953125,0.001489877700805664,0.0005345344543457031
GHZ,14,2,0.0014722347259521484,0.0013654232025146484,0.0004024505615234375
GHZ,14,3,0.001409769058227539,0.0014421939849853516,0.00047278404235839844
GHZ,14,4,0.0014240741729736328,0.0013852119445800781,0.0003864765167236328
GHZ,14,5,0.001477956771850586,0.001293182373046875,0.00038814544677734375
GHZ,14,6,0.00145721435546875,0.0012977123260498047,0.0005693435668945312
GHZ,14,7,0.004927635192871094,0.0014815330505371094,0.0005459785461425781
GHZ,14,8,0.005477190017700195,0.0014522075653076172,0.0004894733428955078
GHZ,14,9,0.005528450012207031,0.0014736652374267578,0.0005288124084472656
GHZ,16,0,0.004461765289306641,0.007579803466796875,0.0023255348205566406
GHZ,16,1,0.12921476364135742,0.048537254333496094,0.0170135498046875
GHZ,16,2,0.12994098663330078,0.0021224021911621094,0.002102375030517578
GHZ,16,3,0.05339360237121582,0.0049517154693603516,0.002154827117919922
GHZ,16,4,0.053040504455566406,0.004220247268676758,0.0024232864379882812
GHZ,16,5,0.15006065368652344,0.0040776729583740234,0.004041433334350586
GHZ,16,6,0.12386631965637207,0.004535675048828125,0.003211498260498047
GHZ,16,7,0.04982161521911621,0.0035011768341064453,0.0024051666259765625
GHZ,16,8,0.08531451225280762,0.003398418426513672,0.002222776412963867
GHZ,16,9,0.0811612606048584,0.004202365875244141,0.0021181106567382812
GHZ,18,0,0.01913762092590332,0.006376028060913086,0.010209321975708008
GHZ,18,1,0.1382155418395996,0.006140470504760742,0.009194135665893555
GHZ,18,2,0.13335275650024414,0.006274700164794922,0.00924992561340332
GHZ,18,3,0.12098932266235352,0.006104230880737305,0.008946657180786133
GHZ,18,4,0.14366626739501953,0.009754419326782227,0.009429931640625
GHZ,18,5,0.15055298805236816,0.007095813751220703,0.009030342102050781
GHZ,18,6,0.14817285537719727,0.00816035270690918,0.013413190841674805
GHZ,18,7,0.1315932273864746,0.009212970733642578,0.013491630554199219
GHZ,18,8,0.12950801849365234,0.010172128677368164,0.009452104568481445
GHZ,18,9,0.13342833518981934,0.0068438053131103516,0.009303569793701172
GHZ,20,0,0.0192720890045166,0.022862911224365234,0.05006670951843262
GHZ,20,1,0.265303373336792,0.01922321319580078,0.047960758209228516
GHZ,20,2,0.16631579399108887,0.01904749870300293,0.04589104652404785
GHZ,20,3,0.15050816535949707,0.019052743911743164,0.0462038516998291
GHZ,20,4,0.14785075187683105,0.020199298858642578,0.04461407661437988
GHZ,20,5,0.1087195873260498,0.017958641052246094,0.06711554527282715
GHZ,20,6,0.14874053001403809,0.14397740364074707,0.04795527458190918
GHZ,20,7,0.1453104019165039,0.019172191619873047,0.0496821403503418
GHZ,20,8,0.14057612419128418,0.021147966384887695,0.04579949378967285
GHZ,20,9,0.1531388759613037,0.017638206481933594,0.04709267616271973
GHZ,22,0,0.10582756996154785,0.10662460327148438,0.271024227142334
GHZ,22,1,0.2539176940917969,0.10629034042358398,0.27286314964294434
GHZ,22,2,0.25161290168762207,0.10846734046936035,0.3126046657562256
GHZ,22,3,0.2407217025756836,0.10561656951904297,0.27042341232299805
GHZ,22,4,0.2439718246459961,0.10532689094543457,0.26901984214782715
GHZ,22,5,0.16149210929870605,0.10436201095581055,0.27135777473449707
GHZ,22,6,0.24733519554138184,0.10691642761230469,0.2750575542449951
GHZ,22,7,0.24731755256652832,0.1296687126159668,0.27249836921691895
GHZ,22,8,0.25300145149230957,0.10521054267883301,0.2713124752044678
GHZ,22,9,0.1553971767425537,0.10647130012512207,0.2689337730407715
BV,10,0,0.001016378402709961,0.0009717941284179688,6.532669067382812e-05
BV,10,1,0.000946044921875,0.0009648799896240234,6.580352783203125e-05
BV,10,2,0.0011310577392578125,0.0009286403656005859,5.91278076171875e-05
BV,10,3,0.0009407997131347656,0.0009315013885498047,5.984306335449219e-05
BV,10,4,0.0008797645568847656,0.0010750293731689453,5.91278076171875e-05
BV,10,5,0.0009980201721191406,0.0010936260223388672,6.4849853515625e-05
BV,10,6,0.0009531974792480469,0.0009503364562988281,5.9604644775390625e-05
BV,10,7,0.0009319782257080078,0.0009477138519287109,6.437301635742188e-05
BV,10,8,0.0009436607360839844,0.0009655952453613281,6.0558319091796875e-05
BV,10,9,0.0009472370147705078,0.0009407997131347656,6.008148193359375e-05
BV,12,0,0.0010187625885009766,0.001071929931640625,0.00015878677368164062
BV,12,1,0.0009794235229492188,0.0009627342224121094,0.000141143798828125
BV,12,2,0.0009713172912597656,0.0009815692901611328,0.00014853477478027344
BV,12,3,0.0009813308715820312,0.0009756088256835938,0.0001289844512939453
BV,12,4,0.0009677410125732422,0.0009424686431884766,0.00013375282287597656
BV,12,5,0.0010483264923095703,0.0010924339294433594,0.00014901161193847656
BV,12,6,0.0009284019470214844,0.0009665489196777344,0.0001494884490966797
BV,12,7,0.0009608268737792969,0.0009446144104003906,0.0001399517059326172
BV,12,8,0.0009725093841552734,0.0009577274322509766,0.00013375282287597656
BV,12,9,0.0009565353393554688,0.0009624958038330078,0.00014066696166992188
BV,14,0,0.0018856525421142578,0.0015685558319091797,0.00046324729919433594
BV,14,1,0.004725933074951172,0.0015690326690673828,0.00054931640625
BV,14,2,0.001748800277709961,0.0015683174133300781,0.0004410743713378906
BV,14,3,0.0035343170166015625,0.0015554428100585938,0.0005276203155517578
BV,14,4,0.0027856826782226562,0.0015535354614257812,0.0004677772521972656
BV,14,5,0.0017921924591064453,0.0015718936920166016,0.0004436969757080078
BV,14,6,0.0023360252380371094,0.0015811920166015625,0.00048732757568359375
BV,14,7,0.0023953914642333984,0.0015683174133300781,0.0004506111145019531
BV,14,8,0.002721548080444336,0.0015790462493896484,0.0004782676696777344
BV,14,9,0.0016779899597167969,0.0012824535369873047,0.0004093647003173828
BV,16,0,0.004239320755004883,0.0021517276763916016,0.0020742416381835938
BV,16,1,0.05013108253479004,0.007374763488769531,0.0022170543670654297
BV,16,2,0.07426857948303223,0.002418994903564453,0.002195596694946289
BV,16,3,0.09091353416442871,0.0032656192779541016,0.0022149085998535156
BV,16,4,0.058473825454711914,0.007069826126098633,0.002402067184448242
BV,16,5,0.053856849670410156,0.0072405338287353516,0.002460956573486328
BV,16,6,0.05587458610534668,0.004532337188720703,0.002245187759399414
BV,16,7,0.09052586555480957,0.005602359771728516,0.0022737979888916016
BV,16,8,0.05353808403015137,0.0022497177124023438,0.00244140625
BV,16,9,0.0033485889434814453,0.006422996520996094,0.0024025440216064453
BV,18,0,0.005848407745361328,0.005600690841674805,0.018028736114501953
BV,18,1,0.0794823169708252,0.006219148635864258,0.01836252212524414
BV,18,2,0.08989834785461426,0.004168510437011719,0.01338958740234375
BV,18,3,0.08461499214172363,0.0038645267486572266,0.009418487548828125
BV,18,4,0.07903003692626953,0.00506281852722168,0.01824474334716797
BV,18,5,0.06968951225280762,0.00810861587524414,0.009383201599121094
BV,18,6,0.07986593246459961,0.008867263793945312,0.009479522705078125
BV,18,7,0.07931947708129883,0.005198001861572266,0.009415388107299805
BV,18,8,0.10315370559692383,0.0045320987701416016,0.009229898452758789
BV,18,9,0.004809856414794922,0.003879547119140625,0.009176492691040039
BV,20,0,0.01188206672668457,0.013124942779541016,0.0656745433807373
BV,20,1,0.08530282974243164,0.012939691543579102,0.07130551338195801
BV,20,2,0.08667445182800293,0.011078596115112305,0.04967665672302246
BV,20,3,0.08107256889343262,0.015089273452758789,0.04640507698059082
BV,20,4,0.05480241775512695,0.014618396759033203,0.0661766529083252
BV,20,5,0.08416485786437988,0.015667200088500977,0.06092953681945801
BV,20,6,0.09731531143188477,0.01363372802734375,0.052605390548706055
BV,20,7,0.08782815933227539,0.011284351348876953,0.04652595520019531
BV,20,8,0.1013650894165039,0.012929439544677734,0.04497504234313965
BV,20,9,0.10487890243530273,0.012401580810546875,0.04602456092834473
BV,22,0,0.04732561111450195,0.049195289611816406,0.27219223976135254
BV,22,1,0.11753296852111816,0.047888994216918945,0.2729010581970215
BV,22,2,0.12073040008544922,0.04803133010864258,0.2694091796875
BV,22,3,0.12724709510803223,0.048810720443725586,0.27191853523254395
BV,22,4,0.11809754371643066,0.05202651023864746,0.2743663787841797
BV,22,5,0.1226663589477539,0.05179309844970703,0.2727041244506836
BV,22,6,0.1095578670501709,0.051457881927490234,0.2760286331176758
BV,22,7,0.1214902400970459,0.04864788055419922,0.29137682914733887
BV,22,8,0.0853726863861084,0.050867557525634766,0.28816676139831543
BV,22,9,0.1278057098388672,0.05181598663330078,0.28648805618286133
QFT,10,0,0.0034189224243164062,0.0038080215454101562,0.0002853870391845703
QFT,10,1,0.0038537979125976562,0.0039064884185791016,0.0004513263702392578
QFT,10,2,0.0041408538818359375,0.004143953323364258,0.00042700767517089844
QFT,10,3,0.0033140182495117188,0.0030455589294433594,0.0002956390380859375
QFT,10,4,0.0030694007873535156,0.0030617713928222656,0.00026917457580566406
QFT,10,5,0.0031843185424804688,0.0031321048736572266,0.0002715587615966797
QFT,10,6,0.003020763397216797,0.002942800521850586,0.00025200843811035156
QFT,10,7,0.0030570030212402344,0.0030961036682128906,0.00023221969604492188
QFT,10,8,0.0039055347442626953,0.004070281982421875,0.00026988983154296875
QFT,10,9,0.0038225650787353516,0.0038909912109375,0.00027489662170410156
QFT,12,0,0.005328178405761719,0.004835605621337891,0.0008084774017333984
QFT,12,1,0.005129575729370117,0.00606226921081543,0.0008063316345214844
QFT,12,2,0.00563359260559082,0.0061342716217041016,0.0009214878082275391
QFT,12,3,0.005681514739990234,0.0054895877838134766,0.0007927417755126953
QFT,12,4,0.005157470703125,0.005040645599365234,0.0007634162902832031
QFT,12,5,0.004978179931640625,0.00518488883972168,0.0007796287536621094
QFT,12,6,0.005290985107421875,0.006148338317871094,0.000881195068359375
QFT,12,7,0.005524635314941406,0.005948543548583984,0.0008881092071533203
QFT,12,8,0.0047266483306884766,0.0046787261962890625,0.0008101463317871094
QFT,12,9,0.004687786102294922,0.004641294479370117,0.0007793903350830078
QFT,14,0,0.010435819625854492,0.010375499725341797,0.0029096603393554688
QFT,14,1,0.0179135799407959,0.010699748992919922,0.0029315948486328125
QFT,14,2,0.029309749603271484,0.01113581657409668,0.0030472278594970703
QFT,14,3,0.030764102935791016,0.010720014572143555,0.0030770301818847656
QFT,14,4,0.022189617156982422,0.010785102844238281,0.003094196319580078
QFT,14,5,0.013777017593383789,0.011067390441894531,0.003102540969848633
QFT,14,6,0.02943730354309082,0.010611534118652344,0.0030002593994140625
QFT,14,7,0.014913558959960938,0.010591983795166016,0.0030519962310791016
QFT,14,8,0.013727664947509766,0.01054692268371582,0.00286865234375
QFT,14,9,0.029334068298339844,0.011001110076904297,0.0029964447021484375
QFT,16,0,0.011423587799072266,0.017580032348632812,0.029763460159301758
QFT,16,1,0.24271774291992188,0.012576103210449219,0.0334627628326416
QFT,16,2,0.07155942916870117,0.017070770263671875,0.019329309463500977
QFT,16,3,0.49295496940612793,0.016194820404052734,0.028690576553344727
QFT,16,4,0.06552553176879883,0.04488182067871094,0.01798558235168457
QFT,16,5,0.0510716438293457,0.010406017303466797,0.017507314682006836
QFT,16,6,0.5112316608428955,0.014884471893310547,0.026973485946655273
QFT,16,7,0.08476066589355469,0.013178348541259766,0.030626296997070312
QFT,16,8,0.04282021522521973,0.013078451156616211,0.031138181686401367
QFT,16,9,0.06810450553894043,0.04677867889404297,0.04857182502746582
QFT,18,0,0.02732229232788086,0.0346677303314209,0.05894351005554199
QFT,18,1,0.05734586715698242,0.031160354614257812,0.06028103828430176
QFT,18,2,0.5975112915039062,0.033437490463256836,0.05920243263244629
QFT,18,3,0.061237335205078125,0.03174471855163574,0.05654740333557129
QFT,18,4,0.06387019157409668,0.023876667022705078,0.05006885528564453
QFT,18,5,0.5994620323181152,0.09099435806274414,0.062113046646118164
QFT,18,6,0.056314706802368164,0.030075788497924805,0.06032705307006836
QFT,18,7,0.04921841621398926,0.03256845474243164,0.06051349639892578
QFT,18,8,0.07219123840332031,0.03130745887756348,0.0598299503326416
QFT,18,9,0.08437848091125488,0.02322220802307129,0.04978656768798828
QFT,20,0,0.0707404613494873,0.07315659523010254,0.2021350860595703
QFT,20,1,0.09039545059204102,0.07190442085266113,0.1989727020263672
QFT,20,2,0.722604513168335,0.07201886177062988,0.19896316528320312
QFT,20,3,0.6867020130157471,0.07332062721252441,0.1996312141418457
QFT,20,4,0.3585793972015381,0.07392764091491699,0.1982259750366211
QFT,20,5,0.7309226989746094,0.07309293746948242,0.20033001899719238
QFT,20,6,0.1729717254638672,0.0856630802154541,0.20630741119384766
QFT,20,7,0.126662015914917,0.07311415672302246,0.19983625411987305
QFT,20,8,0.4868743419647217,0.0847022533416748,0.2005622386932373
QFT,20,9,0.7240228652954102,0.07810616493225098,0.20294880867004395
QFT,22,0,0.40523314476013184,0.43638062477111816,0.8154633045196533
QFT,22,1,0.46562933921813965,0.4177074432373047,0.7998175621032715
QFT,22,2,0.8200130462646484,0.42081499099731445,0.8019070625305176
QFT,22,3,1.2261760234832764,0.48725318908691406,0.8211507797241211
QFT,22,4,0.5978538990020752,0.49413037300109863,0.8460733890533447
QFT,22,5,0.8686003684997559,0.47310471534729004,0.8118565082550049
QFT,22,6,0.8087036609649658,0.49330925941467285,0.819267988204956
QFT,22,7,1.0177745819091797,0.7873742580413818,0.8451497554779053
QFT,22,8,1.0259640216827393,0.4554014205932617,0.8070623874664307
QFT,22,9,1.1343903541564941,1.1237552165985107,0.8363964557647705
GROVER,10,0,0.000885009765625,0.0007624626159667969,0.00020241737365722656
GROVER,10,1,0.0007519721984863281,0.0008714199066162109,0.00024819374084472656
GROVER,10,2,0.0007512569427490234,0.0008225440979003906,0.0002422332763671875
GROVER,10,3,0.0008153915405273438,0.0007653236389160156,0.00021028518676757812
GROVER,10,4,0.0008347034454345703,0.0008554458618164062,0.00024771690368652344
GROVER,10,5,0.0008561611175537109,0.0008718967437744141,0.00022912025451660156
GROVER,10,6,0.0008251667022705078,0.0007524490356445312,0.00020194053649902344
GROVER,10,7,0.0008366107940673828,0.0007500648498535156,0.0002586841583251953
GROVER,10,8,0.0007476806640625,0.0008847713470458984,0.00025010108947753906
GROVER,10,9,0.0008585453033447266,0.0007715225219726562,0.0002048015594482422
GROVER,12,0,0.001093149185180664,0.0009980201721191406,0.00014734268188476562
GROVER,12,1,0.0010793209075927734,0.0009915828704833984,0.0001232624053955078
GROVER,12,2,0.0010595321655273438,0.001007080078125,0.0001347064971923828
GROVER,12,3,0.0009849071502685547,0.0010745525360107422,0.00013637542724609375
GROVER,12,4,0.0016400814056396484,0.0010862350463867188,0.0001361370086669922
GROVER,12,5,0.0010592937469482422,0.0011303424835205078,0.0001347064971923828
GROVER,12,6,0.0011572837829589844,0.0010914802551269531,0.00014400482177734375
GROVER,12,7,0.0010247230529785156,0.0009844303131103516,0.000141143798828125
GROVER,12,8,0.0012176036834716797,0.0010635852813720703,0.00015044212341308594
GROVER,12,9,0.0009968280792236328,0.0011336803436279297,0.00013875961303710938
GROVER,14,0,0.002037525177001953,0.001997232437133789,0.0003457069396972656
GROVER,14,1,0.003175497055053711,0.0019524097442626953,0.0003447532653808594
GROVER,14,2,0.0053539276123046875,0.0018961429595947266,0.0003886222839355469
GROVER,14,3,0.006214141845703125,0.0018923282623291016,0.0003135204315185547
GROVER,14,4,0.0034332275390625,0.002163410186767578,0.0003387928009033203
GROVER,14,5,0.004648447036743164,0.002239227294921875,0.0003921985626220703
GROVER,14,6,0.0028073787689208984,0.002096414566040039,0.0003650188446044922
GROVER,14,7,0.005742073059082031,0.0025322437286376953,0.00047206878662109375
GROVER,14,8,0.005703449249267578,0.0020759105682373047,0.00042748451232910156
GROVER,14,9,0.011451959609985352,0.002004384994506836,0.0003960132598876953
GROVER,16,0,0.11451053619384766,0.0061380863189697266,0.0010950565338134766
GROVER,16,1,0.04833412170410156,0.0029458999633789062,0.0009207725524902344
GROVER,16,2,0.09735512733459473,0.022475481033325195,0.0013899803161621094
GROVER,16,3,0.05643510818481445,0.027302026748657227,0.0013518333435058594
GROVER,16,4,0.13791513442993164,0.0726625919342041,0.003914833068847656
GROVER,16,5,0.006826639175415039,0.004074573516845703,0.001165628433227539
GROVER,16,6,0.0024497509002685547,0.006422519683837891,0.001066446304321289
GROVER,16,7,0.23220539093017578,0.0066411495208740234,0.0014410018920898438
GROVER,16,8,0.0667109489440918,0.002383708953857422,0.0009834766387939453
GROVER,16,9,0.004206418991088867,0.005270719528198242,0.0010597705841064453
GROVER,18,0,0.04210042953491211,0.16262030601501465,0.008980274200439453
GROVER,18,1,0.25030064582824707,0.008498907089233398,0.008006095886230469
GROVER,18,2,0.2624075412750244,0.015801668167114258,0.004987478256225586
GROVER,18,3,0.25507164001464844,0.010530233383178711,0.003970623016357422
GROVER,18,4,0.1036386489868164,0.007820844650268555,0.004120349884033203
GROVER,18,5,0.25435709953308105,0.006926298141479492,0.0038628578186035156
GROVER,18,6,0.11626195907592773,0.007796764373779297,0.00400233268737793
GROVER,18,7,0.09038257598876953,0.012151002883911133,0.008288383483886719
GROVER,18,8,0.1148979663848877,0.008599996566772461,0.008249044418334961
GROVER,18,9,0.00778508186340332,0.24186468124389648,0.009044170379638672
GROVER,20,0,0.02354598045349121,0.10733652114868164,0.049373626708984375
GROVER,20,1,0.286130428314209,0.2671196460723877,0.029072046279907227
GROVER,20,2,0.2830085754394531,0.033411502838134766,0.019544601440429688
GROVER,20,3,0.14872312545776367,0.0412447452545166,0.029979228973388672
GROVER,20,4,0.2829744815826416,0.038422584533691406,0.019114255905151367
GROVER,20,5,0.3038365840911865,0.037245988845825195,0.031301259994506836
GROVER,20,6,0.27760839462280273,0.029022216796875,0.026361465454101562
GROVER,20,7,0.28203368186950684,0.022346973419189453,0.021471261978149414
GROVER,20,8,0.2831392288208008,0.02199530601501465,0.01862955093383789
GROVER,20,9,0.1621870994567871,0.025358200073242188,0.029497385025024414
GROVER,22,0,0.19686675071716309,0.23592233657836914,0.21845507621765137
GROVER,22,1,0.46993279457092285,0.3503866195678711,0.2238161563873291
GROVER,22,2,0.49342989921569824,0.370436429977417,0.21306753158569336
GROVER,22,3,0.45519185066223145,0.3280661106109619,0.21808648109436035
GROVER,22,4,0.40172910690307617,0.2582974433898926,0.2291581630706787
GROVER,22,5,0.46722984313964844,0.3616175651550293,0.22078371047973633
GROVER,22,6,0.45842504501342773,0.2738790512084961,0.23309874534606934
GROVER,22,7,0.4588932991027832,0.20018553733825684,0.20975565910339355
GROVER,22,8,0.46612048149108887,0.30930256843566895,0.21874499320983887
GROVER,22,9,0.47697925567626953,0.1986386775970459,0.2012016773223877
QAOA,10,0,0.0016071796417236328,0.0029027462005615234,0.00035500526428222656
QAOA,10,1,0.0022928714752197266,0.0015289783477783203,0.00024628639221191406
QAOA,10,2,0.001979351043701172,0.0016095638275146484,0.0003139972686767578
QAOA,10,3,0.001626729965209961,0.001734018325805664,0.0002448558807373047
QAOA,10,4,0.0014030933380126953,0.0013375282287597656,0.00023698806762695312
QAOA,10,5,0.0013077259063720703,0.001257181167602539,0.0002760887145996094
QAOA,10,6,0.0013720989227294922,0.001331329345703125,0.0002391338348388672
QAOA,10,7,0.0014081001281738281,0.0013298988342285156,0.0002460479736328125
QAOA,10,8,0.0013148784637451172,0.001321554183959961,0.0002598762512207031
QAOA,10,9,0.0013849735260009766,0.0016148090362548828,0.0003077983856201172
QAOA,12,0,0.0022993087768554688,0.0022079944610595703,0.0008726119995117188
QAOA,12,1,0.0020096302032470703,0.0021181106567382812,0.00092315673828125
QAOA,12,2,0.0019099712371826172,0.0017707347869873047,0.0008022785186767578
QAOA,12,3,0.0019788742065429688,0.0017497539520263672,0.0008349418640136719
QAOA,12,4,0.0017957687377929688,0.0017163753509521484,0.0007946491241455078
QAOA,12,5,0.0018188953399658203,0.0017428398132324219,0.0008077621459960938
QAOA,12,6,0.0020596981048583984,0.002784252166748047,0.0008594989776611328
QAOA,12,7,0.0023005008697509766,0.0018765926361083984,0.0008742809295654297
QAOA,12,8,0.002143383026123047,0.0024995803833007812,0.0008740425109863281
QAOA,12,9,0.002318143844604492,0.0017518997192382812,0.0008654594421386719
QAOA,14,0,0.0037910938262939453,0.004327297210693359,0.003487110137939453
QAOA,14,1,0.00474238395690918,0.004663228988647461,0.0034732818603515625
QAOA,14,2,0.010358572006225586,0.003620624542236328,0.0032036304473876953
QAOA,14,3,0.01013040542602539,0.0034825801849365234,0.003140687942504883
QAOA,14,4,0.004217624664306641,0.0034914016723632812,0.003055095672607422
QAOA,14,5,0.008652210235595703,0.0033032894134521484,0.0029647350311279297
QAOA,14,6,0.008704185485839844,0.0033521652221679688,0.003088712692260742
QAOA,14,7,0.009617090225219727,0.003611326217651367,0.002981901168823242
QAOA,14,8,0.004436016082763672,0.0034062862396240234,0.0032777786254882812
QAOA,14,9,0.010473012924194336,0.0033905506134033203,0.0033364295959472656
QAOA,16,0,0.003889799118041992,0.00697016716003418,0.018925905227661133
QAOA,16,1,0.12149333953857422,0.003458738327026367,0.029875516891479492
QAOA,16,2,0.12967276573181152,0.0038673877716064453,0.023058176040649414
QAOA,16,3,0.13566040992736816,0.005130767822265625,0.020210742950439453
QAOA,16,4,0.13363385200500488,0.006345510482788086,0.019634485244750977
QAOA,16,5,0.05813956260681152,0.006157875061035156,0.0230560302734375
QAOA,16,6,0.1433851718902588,0.0035881996154785156,0.017492294311523438
QAOA,16,7,0.12452507019042969,0.004856586456298828,0.02214503288269043
QAOA,16,8,0.1251215934753418,0.0042514801025390625,0.01452946662902832
QAOA,16,9,0.12784457206726074,0.007848262786865234,0.049134254455566406
QAOA,18,0,0.009654521942138672,0.012375116348266602,0.04877829551696777
QAOA,18,1,0.13834571838378906,0.00972294807434082,0.05795145034790039
QAOA,18,2,0.15214967727661133,0.0068018436431884766,0.049465179443359375
QAOA,18,3,0.15041327476501465,0.008855342864990234,0.05322885513305664
QAOA,18,4,0.1436750888824463,0.009582757949829102,0.05237531661987305
QAOA,18,5,0.1447291374206543,0.017415285110473633,0.06128120422363281
QAOA,18,6,0.09585356712341309,0.010258674621582031,0.0497589111328125
QAOA,18,7,0.13591265678405762,0.010440826416015625,0.049529314041137695
QAOA,18,8,0.05192399024963379,0.009261608123779297,0.05463099479675293
QAOA,18,9,0.09027838706970215,0.006799221038818359,0.05368447303771973
QAOA,20,0,0.022603750228881836,0.019098997116088867,0.20905542373657227
QAOA,20,1,0.10222220420837402,0.0195009708404541,0.23251008987426758
QAOA,20,2,0.16026043891906738,0.028437137603759766,0.21539568901062012
QAOA,20,3,0.15000391006469727,0.021054983139038086,0.21628379821777344
QAOA,20,4,0.09124970436096191,0.019411802291870117,0.21740055084228516
QAOA,20,5,0.15795588493347168,0.022638320922851562,0.2297811508178711
QAOA,20,6,0.15683436393737793,0.07948780059814453,0.2514829635620117
QAOA,20,7,0.160475492477417,0.022655963897705078,0.23291230201721191
QAOA,20,8,0.15242409706115723,0.0228271484375,0.21472382545471191
QAOA,20,9,0.08516550064086914,0.02093791961669922,0.220872163772583
QAOA,22,0,0.10840153694152832,0.1114499568939209,0.8344752788543701
QAOA,22,1,0.2671036720275879,0.31598830223083496,0.9102540016174316
QAOA,22,2,0.27664685249328613,0.11675333976745605,0.919093132019043
QAOA,22,3,0.2927708625793457,0.10938334465026855,0.8405594825744629
QAOA,22,4,0.1742231845855713,0.1122140884399414,0.8824865818023682
QAOA,22,5,0.26515698432922363,0.10699105262756348,0.9525549411773682
QAOA,22,6,0.2501070499420166,0.130767822265625,0.8414344787597656
QAOA,22,7,0.27044081687927246,0.141204833984375,0.8602821826934814
QAOA,22,8,0.26242637634277344,0.11397862434387207,0.8647897243499756
QAOA,22,9,0.2805662155151367,0.13027739524841309,0.8659927845001221
