circuit,qubits,cpu_mean,cpu_std,cpu_min,cpu_max,cpu_p95,gpu_mean,gpu_std,gpu_min,gpu_max,gpu_p95,rdbms_mean,rdbms_std,rdbms_min,rdbms_max,rdbms_p95,db_size_bytes_mean,db_size_bytes_std,n_states_mean,n_states_std,fidelity_mean,fidelity_std,prob_mass_mean
GHZ,10,0.0007982492446899414,3.420329535922921e-05,0.0007560253143310547,0.0008699893951416016,0.0008626937866210938,0.0007977724075317383,6.634212350733386e-05,0.0006978511810302734,0.0009138584136962891,0.0009000182151794433,5.3310394287109374e-05,3.390577094007717e-06,4.839897155761719e-05,5.841255187988281e-05,5.8090686798095704e-05,32.0,0.0,2.0,0.0,1.0,0.0,1.0
GHZ,12,0.0009645223617553711,3.528711761655359e-05,0.0009212493896484375,0.001020193099975586,0.0010198712348937987,0.0009785890579223633,5.101826135617855e-05,0.0009150505065917969,0.0010576248168945312,0.0010485053062438965,0.0001445293426513672,1.2475376030570698e-05,0.00012302398681640625,0.0001709461212158203,0.00016247034072875975,32.0,0.0,2.0,0.0,1.0,0.0,1.0
GHZ,14,0.0031374454498291015,0.0020739840895703148,0.001409769058227539,0.00659942626953125,0.00611748695373535,0.0014308929443359376,9.505256889348996e-05,0.001293182373046875,0.0016279220581054688,0.0015658020973205564,0.00047674179077148435,6.469989717277882e-05,0.0003864765167236328,0.0005693435668945312,0.0005588293075561524,32.0,0.0,2.0,0.0,1.0,0.0,1.0
GHZ,16,0.08602759838104249,0.04412107438808415,0.004461765289306641,0.15006065368652344,0.14100680351257322,0.008712673187255859,0.013340590066367342,0.0021224021911621094,0.048537254333496094,0.030106401443481402,0.0040018558502197266,0.004376241803700295,0.002102375030517578,0.0170135498046875,0.011176097393035874,32.0,0.0,2.0,0.0,1.0,0.0,1.0
GHZ,18,0.12486169338226319,0.03624962387580882,0.01913762092590332,0.15055298805236816,0.14948192834854127,0.007613492012023926,0.001503972430359486,0.006104230880737305,0.010172128677368164,0.009984159469604492,0.010172080993652344,0.0016721552400780135,0.008946657180786133,0.013491630554199219,0.013456332683563232,32.0,0.0,2.0,0.0,1.0,0.0,1.0
GHZ,20,0.14457356929779053,0.05673410684097837,0.0192720890045166,0.265303373336792,0.22075896263122546,0.03202800750732422,0.03734442288658267,0.017638206481933594,0.14397740364074707,0.08947588205337512,0.049238157272338864,0.006180468721874211,0.04461407661437988,0.06711554527282715,0.059443569183349594,32.0,0.0,2.0,0.0,1.0,0.0,1.0
GHZ,22,0.2160595178604126,0.05119877741443433,0.10582756996154785,0.2539176940917969,0.25350538492202757,0.10849547386169434,0.007137678641082946,0.10436201095581055,0.1296687126159668,0.12012809514999387,0.27550952434539794,0.012484067048071657,0.2689337730407715,0.3126046657562256,0.2957084655761718,32.0,0.0,2.0,0.0,1.0,0.0,1.0
BV,10,0.0009688138961791992,6.431985797164827e-05,0.0008797645568847656,0.0011310577392578125,0.0010794520378112791,0.0009769916534423829,5.550073175775847e-05,0.0009286403656005859,0.0010936260223388672,0.0010852575302124023,6.186962127685547e-05,2.6788955991559304e-06,5.91278076171875e-05,6.580352783203125e-05,6.558895111083985e-05,32.0,0.0,2.0,0.0,1.0,0.0,0.9999999999999998
BV,12,0.0009785175323486328,3.164413678574974e-05,0.0009284019470214844,0.0010483264923095703,0.001035022735595703,0.0009858131408691407,4.971776878333366e-05,0.0009424686431884766,0.0010924339294433594,0.001083207130432129,0.00014240741729736327,8.603607875463223e-06,0.0001289844512939453,0.00015878677368164062,0.0001546025276184082,32.0,0.0,2.0,0.0,1.0,0.0,0.9999999999999998
BV,14,0.0025603532791137694,0.0009096762730745388,0.0016779899597167969,0.004725933074951172,0.004189705848693846,0.0015397787094116211,8.61696365501129e-05,0.0012824535369873047,0.0015811920166015625,0.0015802264213562011,0.0004718303680419922,3.94688978042261e-05,0.0004093647003173828,0.00054931640625,0.000539553165435791,32.0,0.0,2.0,0.0,1.0,0.0,0.9999999999999998
BV,16,0.0535170316696167,0.02861057985807503,0.0033485889434814453,0.09091353416442871,0.0907390832901001,0.0048328876495361325,0.002064394460052642,0.0021517276763916016,0.007374763488769531,0.00731436014175415,0.002292776107788086,0.0001208272427694995,0.0020742416381835938,0.002460956573486328,0.0024521589279174806,32.0,0.0,2.0,0.0,1.0,0.0,0.9999999999999998
BV,18,0.06757125854492188,0.03220348704332085,0.004809856414794922,0.10315370559692383,0.0971887946128845,0.005550122261047364,0.0016412861205753874,0.0038645267486572266,0.008867263793945312,0.008525872230529785,0.01241285800933838,0.003977953281988166,0.009176492691040039,0.01836252212524414,0.018309521675109863,32.0,0.0,2.0,0.0,1.0,0.0,0.9999999999999998
BV,20,0.07952866554260254,0.026077655375677578,0.01188206672668457,0.10487890243530273,0.10329768657684325,0.01327672004699707,0.0014405441543350903,0.011078596115112305,0.015667200088500977,0.015407133102416991,0.055029892921447755,0.009490501788070448,0.04497504234313965,0.07130551338195801,0.06899752616882324,32.0,0.0,2.0,0.0,1.0,0.0,0.9999999999999998
BV,22,0.10978264808654785,0.023830089876028884,0.04732561111450195,0.1278057098388672,0.12755433320999146,0.050053524971008304,0.0016028523957139656,0.047888994216918945,0.05202651023864746,0.051931774616241454,0.2775551795959473,0.007536726898528599,0.2694091796875,0.29137682914733887,0.2899322986602783,32.0,0.0,2.0,0.0,1.0,0.0,0.9999999999999998
QFT,10,0.003478717803955078,0.00039395320723986557,0.003020763397216797,0.0041408538818359375,0.004034960269927978,0.003509807586669922,0.0004646967932443281,0.002942800521850586,0.004143953323364258,0.004110801219940186,0.00030291080474853516,7.02650132952221e-05,0.00023221969604492188,0.0004513263702392578,0.00044038295745849607,16368.0,0.0,1023.0,0.0,0.9902343749999986,0.0,0.9990234375
QFT,12,0.0052138566970825195,0.00033021694908793664,0.004687786102294922,0.005681514739990234,0.005659949779510498,0.005416417121887207,0.0005859876888613342,0.004641294479370117,0.006148338317871094,0.0061420083045959474,0.0008230924606323243,5.121351507926891e-05,0.0007634162902832031,0.0009214878082275391,0.0009064674377441406,65472.0,0.0,4092.0,0.0,0.9902343749999962,1.1102230246251565e-16,0.9990234375
QFT,14,0.021180248260498045,0.0075455663602586945,0.010435819625854492,0.030764102935791016,0.030167043209075928,0.010753512382507324,0.00023298353944720972,0.010375499725341797,0.01113581657409668,0.011105024814605713,0.003007960319519043,7.7283304266807e-05,0.00286865234375,0.003102540969848633,0.003098785877227783,261888.0,0.0,16368.0,0.0,0.9900512695312559,0.0,0.9990234375
QFT,16,0.1642169952392578,0.17872085042096916,0.011423587799072266,0.5112316608428955,0.5030071496963501,0.020662951469421386,0.012761245086113137,0.010406017303466797,0.04677867889404297,0.04592509269714355,0.028404879570007324,0.00870835465220724,0.017507314682006836,0.04857182502746582,0.0417727470397949,1047536.0,0.0,65471.0,0.0,0.9900054931640796,1.1102230246251565e-16,0.9990081787109375
QFT,18,0.1668851852416992,0.21625387661421983,0.02732229232788086,0.5994620323181152,0.5985841989517212,0.03630552291870117,0.01858078539432843,0.02322220802307129,0.09099435806274414,0.06564737558364862,0.057761335372924806,0.00414055380399439,0.04978656768798828,0.062113046646118164,0.06139324903488159,4190112.0,0.0,261882.0,0.0,0.9900016784667651,1.1102230246251565e-16,0.9990005493164062
QFT,20,0.41704754829406737,0.2715973686366195,0.0707404613494873,0.7309226989746094,0.7278177738189697,0.07590067386627197,0.004923439873835897,0.07190442085266113,0.0856630802154541,0.08523070812225342,0.20079128742218016,0.002294373895291658,0.1982259750366211,0.20630741119384766,0.20479604005813598,16760448.0,0.0,1047528.0,0.0,0.9900007247920733,1.1102230246251565e-16,0.9990005493164062
QFT,22,0.8370338439941406,0.26304054911467134,0.40523314476013184,1.2261760234832764,1.1848724722862243,0.5589231491088867,0.21377067249840626,0.4177074432373047,1.1237552165985107,0.9723837852478023,0.8204145193099975,0.016032100670562103,0.7998175621032715,0.8460733890533447,0.845657753944397,67041760.0,0.0,4190110.0,0.0,0.9900000095367074,1.1102230246251565e-16,0.999000072479248
GROVER,10,0.0008162498474121094,4.6906842318214325e-05,0.0007476806640625,0.000885009765625,0.0008731007575988769,0.0008107900619506836,5.2963607396292965e-05,0.0007500648498535156,0.0008847713470458984,0.0008789777755737304,0.00022954940795898436,2.1428724472180437e-05,0.00020194053649902344,0.0002586841583251953,0.00025482177734375,12192.0,0.0,762.0,0.0,0.9960975646972656,0.0,0.999000549316406
GROVER,12,0.0011312723159790038,0.00018230387726177186,0.0009849071502685547,0.0016400814056396484,0.0014499664306640622,0.0010560989379882813,5.400211868870531e-05,0.0009844303131103516,0.0011336803436279297,0.0011321783065795898,0.00013868808746337892,7.272391995917464e-06,0.0001232624053955078,0.00015044212341308594,0.0001490473747253418,16.0,0.0,1.0,0.0,0.9990236759185791,0.0,0.9990236759185788
GROVER,14,0.0050567626953125,0.0025245099046539935,0.002037525177001953,0.011451959609985352,0.009094941616058344,0.002084970474243164,0.000182960528636623,0.0018923282623291016,0.0025322437286376953,0.002400386333465576,0.00037841796875,4.4661317648374406e-05,0.0003135204315185547,0.00047206878662109375,0.00045200586318969724,16.0,0.0,1.0,0.0,0.9997558742761612,0.0,0.999755874276161
GROVER,16,0.076694917678833,0.06837489695082757,0.0024497509002685547,0.23220539093017578,0.18977477550506583,0.015631675720214844,0.020660784300233947,0.002383708953857422,0.0726625919342041,0.05225033760070796,0.00143887996673584,0.0008421078167996925,0.0009207725524902344,0.003914833068847656,0.002801609039306638,16.0,0.0,1.0,0.0,0.9999389657750726,0.0,0.9999389657750726
GROVER,18,0.14972035884857177,0.09196019094456687,0.00778508186340332,0.2624075412750244,0.2591063857078552,0.048261070251464845,0.07904234590449696,0.006926298141479492,0.24186468124389648,0.20620471239089957,0.006351161003112793,0.002201587944097479,0.0038628578186035156,0.009044170379638672,0.009015417098999024,16.0,0.0,1.0,0.0,0.9999847412691452,0.0,0.9999847412691452
GROVER,20,0.23331875801086427,0.08702537117656542,0.02354598045349121,0.3038365840911865,0.29586881399154663,0.06235036849975586,0.07221348480471061,0.02199530601501465,0.2671196460723877,0.1952172398567198,0.027434468269348145,0.008691406742116327,0.01862955093383789,0.049373626708984375,0.041241061687469466,16.0,0.0,1.0,0.0,0.9999961853063724,0.0,0.9999961853063724
GROVER,22,0.43447983264923096,0.08230606455958805,0.19686675071716309,0.49342989921569824,0.4860271096229553,0.2886732339859009,0.06136164378087689,0.1986386775970459,0.370436429977417,0.3664679408073425,0.21861681938171387,0.00874928800693306,0.2012016773223877,0.23309874534606934,0.23132548332214356,16.0,0.0,1.0,0.0,0.999999046325911,0.0,0.999999046325911
QAOA,10,0.0015697002410888672,0.0003092013738732047,0.0013077259063720703,0.0022928714752197266,0.0021517872810363765,0.0015967607498168946,0.00046145913275105413,0.001257181167602539,0.0029027462005615234,0.0023768186569213855,0.0002726078033447266,3.8042999671217346e-05,0.00023698806762695312,0.00035500526428222656,0.0003365516662597656,16368.0,0.0,1023.0,0.0,0.9902343750000002,1.1102230246251565e-16,0.9990234375
QAOA,12,0.002063417434692383,0.00018659056583996103,0.0017957687377929688,0.002318143844604492,0.0023102045059204103,0.0020218133926391602,0.0003543485085219096,0.0017163753509521484,0.002784252166748047,0.002656149864196777,0.0008508682250976563,3.8346246935500736e-05,0.0007946491241455078,0.00092315673828125,0.0009011626243591309,65472.0,0.0,4092.0,0.0,0.9902343749999994,1.1102230246251565e-16,0.9990234375
QAOA,14,0.0075122594833374025,0.002696477483442193,0.0037910938262939453,0.010473012924194336,0.010421514511108398,0.003664875030517578,0.0004329338748119859,0.0033032894134521484,0.004663228988647461,0.0045120596885681145,0.003200936317443848,0.0001793317941266906,0.0029647350311279297,0.003487110137939453,0.0034808874130249023,261888.0,0.0,16368.0,0.0,0.9900512695312486,0.0,0.9990234375
QAOA,16,0.11033661365509033,0.041900495798371296,0.003889799118041992,0.1433851718902588,0.139909029006958,0.00524749755859375,0.0014416001622381514,0.003458738327026367,0.007848262786865234,0.007453119754791258,0.023806190490722655,0.00928600937014855,0.01452946662902832,0.049134254455566406,0.040467822551727275,1047536.0,0.0,65471.0,0.0,0.9900054931640673,1.1102230246251565e-16,0.9990081787109375
QAOA,18,0.1112936019897461,0.04608607771886292,0.009654521942138672,0.15214967727661133,0.15136829614639283,0.010151362419128418,0.002885121606892432,0.006799221038818359,0.017415285110473633,0.015147209167480464,0.05306839942932129,0.0038663643602926236,0.04877829551696777,0.06128120422363281,0.05978281497955322,4190112.0,0.0,261882.0,0.0,0.9900016784668306,0.0,0.9990005493164062
QAOA,20,0.12391953468322754,0.04438087257669825,0.022603750228881836,0.160475492477417,0.16037871837615966,0.027605104446411132,0.01748432074694488,0.019098997116088867,0.07948780059814453,0.05651500225067133,0.22404179573059083,0.01198693488385523,0.20905542373657227,0.2514829635620117,0.2431261658668518,16760448.0,0.0,1047528.0,0.0,0.9900007247923576,0.0,0.9990005493164062
QAOA,22,0.24478435516357422,0.054852929733016385,0.10840153694152832,0.2927708625793457,0.28727877140045166,0.13890087604522705,0.05997721800671009,0.10699105262756348,0.31598830223083496,0.2373357415199278,0.8771922588348389,0.036833201093832604,0.8344752788543701,0.9525549411773682,0.9374971270561218,67041760.0,0.0,4190110.0,0.0,0.9900000095370748,1.1102230246251565e-16,0.999000072479248
