Circuit,Qubits,CPU (s),GPU (s),RDBMS (s),Winner
GHZ,10,0.0008 ± 0.0000,0.0008 ± 0.0001,0.0001 ± 0.0000,RDBMS
GHZ,12,0.0010 ± 0.0000,0.0010 ± 0.0001,0.0001 ± 0.0000,RDBMS
GHZ,14,0.0031 ± 0.0022,0.0014 ± 0.0001,0.0005 ± 0.0001,RDBMS
GHZ,16,0.0860 ± 0.0465,0.0087 ± 0.0141,0.0040 ± 0.0046,RDBMS
GHZ,18,0.1249 ± 0.0382,0.0076 ± 0.0016,0.0102 ± 0.0018,GPU
GHZ,20,0.1446 ± 0.0598,0.0320 ± 0.0394,0.0492 ± 0.0065,GPU
GHZ,22,0.2161 ± 0.0540,0.1085 ± 0.0075,0.2755 ± 0.0132,GPU
BV,10,0.0010 ± 0.0001,0.0010 ± 0.0001,0.0001 ± 0.0000,RDBMS
BV,12,0.0010 ± 0.0000,0.0010 ± 0.0001,0.0001 ± 0.0000,RDBMS
BV,14,0.0026 ± 0.0010,0.0015 ± 0.0001,0.0005 ± 0.0000,RDBMS
BV,16,0.0535 ± 0.0302,0.0048 ± 0.0022,0.0023 ± 0.0001,RDBMS
BV,18,0.0676 ± 0.0339,0.0056 ± 0.0017,0.0124 ± 0.0042,GPU
BV,20,0.0795 ± 0.0275,0.0133 ± 0.0015,0.0550 ± 0.0100,GPU
BV,22,0.1098 ± 0.0251,0.0501 ± 0.0017,0.2776 ± 0.0079,GPU
QFT,10,0.0035 ± 0.0004,0.0035 ± 0.0005,0.0003 ± 0.0001,RDBMS
QFT,12,0.0052 ± 0.0003,0.0054 ± 0.0006,0.0008 ± 0.0001,RDBMS
QFT,14,0.0212 ± 0.0080,0.0108 ± 0.0002,0.0030 ± 0.0001,RDBMS
QFT,16,0.1642 ± 0.1884,0.0207 ± 0.0135,0.0284 ± 0.0092,GPU
QFT,18,0.1669 ± 0.2280,0.0363 ± 0.0196,0.0578 ± 0.0044,GPU
QFT,20,0.4170 ± 0.2863,0.0759 ± 0.0052,0.2008 ± 0.0024,GPU
QFT,22,0.8370 ± 0.2773,0.5589 ± 0.2253,0.8204 ± 0.0169,GPU
GROVER,10,0.0008 ± 0.0000,0.0008 ± 0.0001,0.0002 ± 0.0000,RDBMS
GROVER,12,0.0011 ± 0.0002,0.0011 ± 0.0001,0.0001 ± 0.0000,RDBMS
GROVER,14,0.0051 ± 0.0027,0.0021 ± 0.0002,0.0004 ± 0.0000,RDBMS
GROVER,16,0.0767 ± 0.0721,0.0156 ± 0.0218,0.0014 ± 0.0009,RDBMS
GROVER,18,0.1497 ± 0.0969,0.0483 ± 0.0833,0.0064 ± 0.0023,RDBMS
GROVER,20,0.2333 ± 0.0917,0.0624 ± 0.0761,0.0274 ± 0.0092,RDBMS
GROVER,22,0.4345 ± 0.0868,0.2887 ± 0.0647,0.2186 ± 0.0092,RDBMS
QAOA,10,0.0016 ± 0.0003,0.0016 ± 0.0005,0.0003 ± 0.0000,RDBMS
QAOA,12,0.0021 ± 0.0002,0.0020 ± 0.0004,0.0009 ± 0.0000,RDBMS
QAOA,14,0.0075 ± 0.0028,0.0037 ± 0.0005,0.0032 ± 0.0002,RDBMS
QAOA,16,0.1103 ± 0.0442,0.0052 ± 0.0015,0.0238 ± 0.0098,GPU
QAOA,18,0.1113 ± 0.0486,0.0102 ± 0.0030,0.0531 ± 0.0041,GPU
QAOA,20,0.1239 ± 0.0468,0.0276 ± 0.0184,0.2240 ± 0.0126,GPU
QAOA,22,0.2448 ± 0.0578,0.1389 ± 0.0632,0.8772 ± 0.0388,GPU
