circuit,n_qubits,simulator,time_s,cpu_memory_mb,gpu_memory_mb,gpu_memory_estimated_mb,log2_memory,num_gates,depth,success
ghz,20,Statevector (CPU),0.3079281000100309,304.015625,230.5625,16.0,20,40,21,True
ghz,20,"Aer (statevector, GPU)",0.11721925999154337,445.93359375,301.3125,16.0,20,40,21,True
ghz,23,Statevector (CPU),3.3601065180118894,830.06640625,301.3125,128.0,23,46,24,True
ghz,23,"Aer (statevector, GPU)",0.1561347380047664,454.0703125,301.3125,128.0,23,46,24,True
ghz,26,Statevector (CPU),28.95721759898879,3526.125,301.3125,1024.0,26,52,27,True
ghz,26,"Aer (statevector, GPU)",0.8955047880008351,454.22265625,301.3125,1024.0,26,52,27,True
qft,10,Statevector (CPU),0.016483799001434818,454.22265625,301.3125,0.015625,10,70,21,True
qft,10,"Aer (statevector, GPU)",0.0514976579870563,454.52734375,301.3125,0.015625,10,70,21,True
qft,15,Statevector (CPU),0.04444650099321734,454.5546875,301.3125,0.5,15,142,31,True
qft,15,"Aer (statevector, GPU)",0.09145014701061882,454.5546875,301.3125,0.5,15,142,31,True
qft,20,Statevector (CPU),3.006195068010129,503.0390625,301.3125,16.0,20,240,41,True
qft,20,"Aer (statevector, GPU)",0.0995703649969073,447.3515625,301.3125,16.0,20,240,41,True
random,12,Statevector (CPU),0.03498041498824023,447.5703125,301.3125,0.0625,12,372,41,True
random,12,"Aer (statevector, GPU)",0.06457354499434587,447.68359375,301.3125,0.0625,12,372,41,True
random,14,Statevector (CPU),0.05863383899850305,448.9375,301.3125,0.25,14,434,41,True
random,14,"Aer (statevector, GPU)",0.0836634139996022,449.015625,301.3125,0.25,14,434,41,True
random,16,Statevector (CPU),0.19039343799522612,452.24609375,301.3125,1.0,16,496,41,True
random,16,"Aer (statevector, GPU)",0.12104065300081857,452.39453125,301.3125,1.0,16,496,41,True
qaoa,14,Statevector (CPU),0.02259512699674815,452.3984375,301.3125,0.25,14,98,19,True
qaoa,14,"Aer (statevector, GPU)",0.06574474700028077,452.40625,301.3125,0.25,14,98,19,True
qaoa,16,Statevector (CPU),0.08832855100627057,452.45703125,301.3125,1.0,16,112,21,True
qaoa,16,"Aer (statevector, GPU)",0.10322106099920347,452.4609375,301.3125,1.0,16,112,21,True
qaoa,18,Statevector (CPU),0.21844069600047078,464.48828125,301.3125,4.0,18,126,18,True
qaoa,18,"Aer (statevector, GPU)",0.09163765999255702,464.48828125,301.3125,4.0,18,126,18,True
bv,21,Statevector (CPU),1.5376438080129446,560.51953125,301.3125,32.0,21,67,9,True
bv,21,"Aer (statevector, GPU)",0.08303299998806324,448.53515625,301.3125,32.0,21,67,9,True
bv,24,Statevector (CPU),13.486056039997493,1216.55859375,301.3125,256.0,24,77,10,True
bv,24,"Aer (statevector, GPU)",0.12533269100822508,464.4140625,301.3125,256.0,24,77,10,True
bv,26,Statevector (CPU),57.155070665990934,3536.4296875,301.3125,1024.0,26,85,12,True
bv,26,"Aer (statevector, GPU)",0.39076381899940316,464.41796875,301.3125,1024.0,26,85,12,True
