circuit_family,num_qubits,backend,time_s,num_states,compression_vs_cpu,gpu_speedup_vs_cpu
ghz,20,CPU,0.3149726800038479,2,305.3203125,1.0
ghz,20,GPU,0.07660504600789864,2,454.69921875,1.0
ghz,20,RDBMS,0.001701400993624702,2,0.5625,1.0
ghz,23,CPU,3.366396340992651,2,839.28515625,1.0
ghz,23,GPU,0.11984861100791022,2,455.3515625,1.0
ghz,23,RDBMS,0.00171329099975992,2,0.0,1.0
ghz,26,CPU,28.971804721004446,2,3527.39453125,1.0
ghz,26,GPU,0.8802972289995523,2,455.484375,1.0
ghz,26,RDBMS,0.0029071390017634258,2,0.0,1.0
bv,21,CPU,1.548761181998998,2,551.5078125,9.5367431640625e-07
bv,21,GPU,0.06066931200621184,1,447.5859375,9.5367431640625e-07
bv,21,RDBMS,680.1668567519955,2097152,1994.6640625,9.5367431640625e-07
ghz,20,CPU,0.34502547899319325,304.9453125,1048576,524288.0,3.9942864733401957
ghz,20,GPU,0.08637975300371181,350.94921875,2,524288.0,3.9942864733401957
ghz,20,RDBMS,0.001754740995238535,0.609375,2,524288.0,
ghz,23,CPU,3.3923769549874123,838.87890625,8388608,4194304.0,28.85741907860354
ghz,23,GPU,0.11755649199767504,454.9765625,2,4194304.0,28.85741907860354
ghz,23,RDBMS,0.00285173200245481,0.0,2,4194304.0,
ghz,26,CPU,29.380928861995926,3527.01953125,67108864,33554432.0,34.095523991907584
ghz,26,GPU,0.8617239280138165,455.00390625,2,33554432.0,34.095523991907584
ghz,26,RDBMS,0.002385868996498175,0.0,2,33554432.0,
random,12,CPU,0.0981387240026379,455.2265625,4096,2.0,4.567184700085592
random,12,GPU,0.021487794001586735,456.44140625,1365,2.0,4.567184700085592
random,12,RDBMS,1.160763196006883,1.0859375,2048,2.0,
random,14,CPU,0.07989340600033756,457.53125,16384,2.0,2.0911550841721933
random,14,GPU,0.03820539500156883,457.66015625,1807,2.0,2.0911550841721933
random,14,RDBMS,6.382630152002093,8.4140625,8192,2.0,
random,16,CPU,0.17682150300242938,466.07421875,65536,2.0,3.600174680695356
random,16,GPU,0.049114701003418304,466.109375,1987,2.0,3.600174680695356
random,16,RDBMS,11.442685332003748,19.83984375,32768,2.0,
bv,21,CPU,1.538660287988023,581.96875,2097152,1048576.0,24.399818090115776
bv,21,GPU,0.06306031800340861,481.5390625,1,1048576.0,24.399818090115776
bv,21,RDBMS,153.30288678299985,1264.45703125,2,1048576.0,
